date,activity
2026-04-30 04:19:39.077683,dashboard_view
2026-04-30 04:19:40.757974,trend_checked
2026-04-30 04:25:38.769265,trend_checked
2026-04-30 04:25:40.628328,dashboard_view
2026-04-30 04:25:43.581579,trend_checked
2026-04-30 04:27:53.252814,trend_checked
2026-04-30 04:28:39.242230,trend_checked
2026-04-30 04:28:43.635707,dashboard_view
2026-04-30 04:28:54.708303,dashboard_view
2026-04-30 04:37:13.720415,dashboard_view
2026-04-30 04:37:18.191776,dashboard_view
2026-04-30 04:37:19.343705,dashboard_view
2026-04-30 04:37:23.324263,trend_checked
2026-04-30 04:37:32.781013,dashboard_view
2026-04-30 04:37:41.936689,trend_checked
2026-04-30 04:37:54.797369,trend_checked
2026-04-30 04:37:56.701806,dashboard_view
2026-04-30 04:40:01.258430,dashboard_view
2026-04-30 04:40:03.476641,trend_checked
2026-04-30 04:40:13.674765,trend_checked
2026-04-30 04:40:15.392786,dashboard_view
2026-04-30 04:42:39.242601,dashboard_view
2026-04-30 04:42:40.660802,trend_checked
2026-04-30 04:42:42.020097,trend_checked
2026-04-30 04:42:43.424709,trend_checked
2026-04-30 04:42:54.168171,dashboard_view
2026-04-30 04:43:08.567426,trend_checked
2026-04-30 04:43:35.353097,dashboard_view
2026-04-30 04:44:35.886166,dashboard_view
2026-04-30 04:44:42.381995,trend_checked
2026-04-30 04:44:58.085268,dashboard_view
2026-04-30 04:45:01.424973,trend_checked
2026-04-30 04:45:12.398565,dashboard_view
2026-04-30 04:45:15.218707,trend_checked
2026-04-30 04:45:50.214142,dashboard_view
2026-04-30 04:53:40.027392,dashboard_view
2026-04-30 04:53:43.910770,dashboard_view
2026-04-30 04:53:48.566299,trend_checked
2026-04-30 04:56:13.098414,dashboard_view
